{
  "tests": "./reserve_test/*_test.js",
  "output": "./output",
  "helpers": {
    "Appium": {
      "platform": "Android",
      "waitForTimeout": "120000",
      "desiredCapabilities": {
        "automationName": "UiAutomator2",
        "platformVersion": "11",
        "deviceName": "iPhone8",
        "udid": "emulator-5554"
      }
    }
  },

  "include": {
    "I": "./steps_file.js"
  },
  "bootstrap": null,
  "mocha": {
    "reporterOptions": {
      "reportDir": "./output"
    }
  },
  "name": "Pixel4",
  "plugins": {
    "retryFailedStep": {
      "enabled": true
    },
    "screenshotOnFail": {
      "enabled": true
    },
    "autoDelay": {
      "enabled": true
    }
  }
}